Name,Type,Attack Level,Defense Level,Horse Power,Speed,Bad against,Good against
Abomasnow,Grass,92,75,90,92,"Fire, Grass, Poison, Flying, Bug, Dragon, Steel","Water, Ground, Rock"
"Abomasnow, Mega Abomasnow; Mega Abomasnow",Grass,132,105,90,132,"Fire, Grass, Poison, Flying, Bug, Dragon, Steel","Water, Ground, Rock"
Abra,Psychic,20,15,25,105,"Psychic, Dark, Steel","Fighting, Poison"
Absol,Dark,130,60,65,75,"Fighting, Dark Steel","Ghost, Psychic"
Accelgor,Bug,70,40,80,100,"Fire, Fighting, Poison, Flying, Ghost, Steel","Grass, Psychic, Dark"
Aerodactyl,Rock,105,65,80,60,"Fighting, Ground, Steel","Ice, Fire, Flying, Bug"
Aipom,Normal,70,55,55,40,"Fighting, Ghost, Rock, Steel",
Alakazam,Psychic,50,45,55,135,"Psychic, Dark, Steel","Fighting, Poison"
"Alakazam, Mega Alakazam; Mega Alakazam",Psychic,50,65,55,175,"Psychic, Dark, Steel","Fighting, Poison"
Alomomola,Water,75,80,165,40,"Water, Grass, Dragon","Fire, Ground, Rock"
Amaura,Rock,59,50,77,67,"Fighting, Ground, Steel","Ice, Fire, Flying, Bug"
Ambipom,Normal,100,66,75,60,"Fighting, Ghost, Rock, Steel",
Amoonguss,Grass,85,70,114,85,"Fire, Grass, Poison, Flying, Bug, Dragon, Steel","Water, Ground, Rock"
Ampharos,Electric,75,85,90,115,"Grass, Electric, Ground, Dragon","Water, Flying"
Ampharos; Mega Ampharos,Electric,95,105,90,165,"Grass, Electric, Ground, Dragon","Water, Flying"
Anorith,Rock,95,50,45,40,"Fighting, Ground, Steel","Ice, Fire, Flying, Bug"
Arbok,Poison,85,69,60,65,"Poison, Ground, Rock, Ghost, Steel",Grass
Arcanine,Fire,110,80,90,100,"Water, Fire, Dragon, Rock","Grass, Ice, Bug, Steel"
Arceus,Normal,120,120,120,120,"Fighting, Ghost, Rock, Steel",
Archen,Rock,112,45,55,74,"Fighting, Ground, Steel","Ice, Fire, Flying, Bug"
Archeops,Rock,140,65,75,112,"Fighting, Ground, Steel","Ice, Fire, Flying, Bug"
Ariados,Bug,90,70,70,60,"Fire, Fighting, Poison, Flying, Ghost, Steel","Grass, Psychic, Dark"
Armaldo,Rock,125,100,75,70,"Fighting, Ground, Steel","Ice, Fire, Flying, Bug"
Articuno,Ice,85,100,90,95,"Water, Ice, Fire, Steel","Grass, Ground, Flying, Dragon"
Audino,Normal,60,86,103,60,"Fighting, Ghost, Rock, Steel",
"Audino, Mega Audino; Mega Audino",Normal,60,126,103,80,"Fighting, Ghost, Rock, Steel",
Aurorus,Rock,77,72,123,99,"Fighting, Ground, Steel","Ice, Fire, Flying, Bug"
Avalugg,Ice,117,184,95,44,"Water, Ice, Fire, Steel","Grass, Ground, Flying, Dragon"
Azelf,Psychic,125,70,75,125,"Psychic, Dark, Steel","Fighting, Poison"
Azumarill,Water,50,80,100,60,"Water, Grass, Dragon","Fire, Ground, Rock"
Azurill,Normal,20,40,50,20,"Fighting, Ghost, Rock, Steel",
Baltoy,Ground,40,55,40,40,"Grass, Flying, Bug","Fire, Poison, Electric, Rock, Steel"
Banette,Ghost,115,65,64,83,"Dark, Steel","Ghost, Pyschic"
"Banette, Mega Banette; Mega Banette",Ghost,165,75,64,93,"Dark, Steel","Ghost, Pyschic"
Barbaracle,Rock,105,115,72,54,"Fighting, Ground, Steel","Ice, Fire, Flying, Bug"
Barboach,Water,48,43,50,46,"Water, Grass, Dragon","Fire, Ground, Rock"
Basculin,Water,92,65,70,80,"Water, Grass, Dragon","Fire, Ground, Rock"
Bastiodon,Rock,52,168,60,47,"Fighting, Ground, Steel","Ice, Fire, Flying, Bug"
Bayleef,Grass,62,80,60,63,"Fire, Grass, Poison, Flying, Bug, Dragon, Steel","Water, Ground, Rock"
Beartic,Ice,110,80,95,70,"Water, Ice, Fire, Steel","Grass, Ground, Flying, Dragon"
Beautifly,Bug,70,50,60,100,"Fire, Fighting, Poison, Flying, Ghost, Steel","Grass, Psychic, Dark"
Beedrill,Bug,90,40,65,45,"Fire, Fighting, Poison, Flying, Ghost, Steel","Grass, Psychic, Dark"
"Beedrill, Mega Beedrill; Mega Beedrill",Bug,150,40,65,15,"Fire, Fighting, Poison, Flying, Ghost, Steel","Grass, Psychic, Dark"
Beheeyem,Psychic,75,75,75,125,"Psychic, Dark, Steel","Fighting, Poison"
Bellossom,Grass,80,95,75,90,"Fire, Grass, Poison, Flying, Bug, Dragon, Steel","Water, Ground, Rock"
Bellsprout,Grass,75,35,50,70,"Fire, Grass, Poison, Flying, Bug, Dragon, Steel","Water, Ground, Rock"
Bergmite,Ice,69,85,55,32,"Water, Ice, Fire, Steel","Grass, Ground, Flying, Dragon"
Bibarel,Normal,85,60,79,55,"Fighting, Ghost, Rock, Steel",
Bidoof,Normal,45,40,59,35,"Fighting, Ghost, Rock, Steel",
Binacle,Rock,52,67,42,39,"Fighting, Ground, Steel","Ice, Fire, Flying, Bug"
Bisharp,Dark,125,100,65,60,"Fighting, Dark Steel","Ghost, Psychic"
Blastoise,Water,83,100,79,85,"Water, Grass, Dragon","Fire, Ground, Rock"
Blastoise; Mega Blastoise,Water,103,120,79,135,"Water, Grass, Dragon","Fire, Ground, Rock"
Blaziken,Fire,120,70,80,110,"Water, Fire, Dragon, Rock","Grass, Ice, Bug, Steel"
"Blaziken, Mega Blaziken; Mega Blaziken",Fire,160,80,80,130,"Water, Fire, Dragon, Rock","Grass, Ice, Bug, Steel"
Blissey,Normal,10,10,255,75,"Fighting, Ghost, Rock, Steel",
Blitzle,Electric,60,32,45,50,"Grass, Electric, Ground, Dragon","Water, Flying"
Boldore,Rock,105,105,70,50,"Fighting, Ground, Steel","Ice, Fire, Flying, Bug"
Bonsly,Rock,80,95,50,10,"Fighting, Ground, Steel","Ice, Fire, Flying, Bug"
Bouffalant,Normal,110,95,95,40,"Fighting, Ghost, Rock, Steel",
Braixen,Fire,59,58,59,90,"Water, Fire, Dragon, Rock","Grass, Ice, Bug, Steel"
Braviary,Normal,123,75,100,57,"Fighting, Ghost, Rock, Steel",
Breloom,Grass,130,80,60,60,"Fire, Grass, Poison, Flying, Bug, Dragon, Steel","Water, Ground, Rock"
Budew,Grass,30,35,40,50,"Fire, Grass, Poison, Flying, Bug, Dragon, Steel","Water, Ground, Rock"
Buizel,Water,65,35,55,60,"Water, Grass, Dragon","Fire, Ground, Rock"
Bulbasaur,Grass,49,49,45,65,"Fire, Grass, Poison, Flying, Bug, Dragon, Steel","Water, Ground, Rock"
Buneary,Normal,66,44,55,44,"Fighting, Ghost, Rock, Steel",
Bunnelby,Normal,36,38,38,32,"Fighting, Ghost, Rock, Steel",
Burmy,Bug,29,45,40,29,"Fire, Fighting, Poison, Flying, Ghost, Steel","Grass, Psychic, Dark"
Butterfree,Bug,45,50,60,90,"Fire, Fighting, Poison, Flying, Ghost, Steel","Grass, Psychic, Dark"
Cacnea,Grass,85,40,50,85,"Fire, Grass, Poison, Flying, Bug, Dragon, Steel","Water, Ground, Rock"
Cacturne,Grass,115,60,70,115,"Fire, Grass, Poison, Flying, Bug, Dragon, Steel","Water, Ground, Rock"
Camerupt,Fire,100,70,70,105,"Water, Fire, Dragon, Rock","Grass, Ice, Bug, Steel"
Carbink,Rock,50,150,50,50,"Fighting, Ground, Steel","Ice, Fire, Flying, Bug"
Carnivine,Grass,100,72,74,90,"Fire, Grass, Poison, Flying, Bug, Dragon, Steel","Water, Ground, Rock"
Carracosta,Water,108,133,74,83,"Water, Grass, Dragon","Fire, Ground, Rock"
Carvanha,Water,90,20,45,65,"Water, Grass, Dragon","Fire, Ground, Rock"
Cascoon,Bug,35,55,50,25,"Fire, Fighting, Poison, Flying, Ghost, Steel","Grass, Psychic, Dark"
Castform,Normal,70,70,70,70,"Fighting, Ghost, Rock, Steel",
Caterpie,Bug,30,35,45,20,"Fire, Fighting, Poison, Flying, Ghost, Steel","Grass, Psychic, Dark"
Celebi,Psychic,100,100,100,100,"Psychic, Dark, Steel","Fighting, Poison"
Chandelure,Ghost,55,90,60,145,"Dark, Steel","Ghost, Pyschic"
Chansey,Normal,5,5,250,35,"Fighting, Ghost, Rock, Steel",
Charizard,Fire,84,78,78,109,"Water, Fire, Dragon, Rock","Grass, Ice, Bug, Steel"
"Charizard, Mega Charizard X; Mega Charizard X",Fire,130,111,78,130,"Water, Fire, Dragon, Rock","Grass, Ice, Bug, Steel"
Charizard; Mega Charizard Y,Fire,104,78,78,159,"Water, Fire, Dragon, Rock","Grass, Ice, Bug, Steel"
Charmander,Fire,52,43,39,60,"Water, Fire, Dragon, Rock","Grass, Ice, Bug, Steel"
Charmeleon,Fire,64,58,58,80,"Water, Fire, Dragon, Rock","Grass, Ice, Bug, Steel"
Chatot,Normal,65,45,76,92,"Fighting, Ghost, Rock, Steel",
Cherrim,Grass,60,70,70,87,"Fire, Grass, Poison, Flying, Bug, Dragon, Steel","Water, Ground, Rock"
Cherubi,Grass,35,45,45,62,"Fire, Grass, Poison, Flying, Bug, Dragon, Steel","Water, Ground, Rock"
Chesnaught,Grass,107,122,88,74,"Fire, Grass, Poison, Flying, Bug, Dragon, Steel","Water, Ground, Rock"
Chespin,Grass,61,65,56,48,"Fire, Grass, Poison, Flying, Bug, Dragon, Steel","Water, Ground, Rock"
Chikorita,Grass,49,65,45,49,"Fire, Grass, Poison, Flying, Bug, Dragon, Steel","Water, Ground, Rock"
Chimchar,Fire,58,44,44,58,"Water, Fire, Dragon, Rock","Grass, Ice, Bug, Steel"
Chimecho,Psychic,50,70,65,95,"Psychic, Dark, Steel","Fighting, Poison"
Chinchou,Water,38,38,75,56,"Water, Grass, Dragon","Fire, Ground, Rock"
Chingling,Psychic,30,50,45,65,"Psychic, Dark, Steel","Fighting, Poison"
Cinccino,Normal,95,60,75,65,"Fighting, Ghost, Rock, Steel",
Clamperl,Water,64,85,35,74,"Water, Grass, Dragon","Fire, Ground, Rock"
Clauncher,Water,53,62,50,58,"Water, Grass, Dragon","Fire, Ground, Rock"
Clawitzer,Water,73,88,71,120,"Water, Grass, Dragon","Fire, Ground, Rock"
Claydol,Ground,70,105,60,70,"Grass, Flying, Bug","Fire, Poison, Electric, Rock, Steel"
Cloyster,Water,95,180,50,85,"Water, Grass, Dragon","Fire, Ground, Rock"
Cofagrigus,Ghost,50,145,58,95,"Dark, Steel","Ghost, Pyschic"
Combee,Bug,30,42,30,30,"Fire, Fighting, Poison, Flying, Ghost, Steel","Grass, Psychic, Dark"
Combusken,Fire,85,60,60,85,"Water, Fire, Dragon, Rock","Grass, Ice, Bug, Steel"
Conkeldurr,Fighting,140,95,105,55,"Poison, Flying, Bug, Ghost, Psychi","Normal, Ice, Rock, Dark, Steel"
Corphish,Water,80,65,43,50,"Water, Grass, Dragon","Fire, Ground, Rock"
Corsola,Water,55,85,55,65,"Water, Grass, Dragon","Fire, Ground, Rock"
Cottonee,Grass,27,60,40,37,"Fire, Grass, Poison, Flying, Bug, Dragon, Steel","Water, Ground, Rock"
Cradily,Rock,81,97,86,81,"Fighting, Ground, Steel","Ice, Fire, Flying, Bug"
Cranidos,Rock,125,40,67,30,"Fighting, Ground, Steel","Ice, Fire, Flying, Bug"
Crawdaunt,Water,120,85,63,90,"Water, Grass, Dragon","Fire, Ground, Rock"
Cresselia,Psychic,70,120,120,75,"Psychic, Dark, Steel","Fighting, Poison"
Croagunk,Poison,61,40,48,61,"Poison, Ground, Rock, Ghost, Steel",Grass
Crobat,Poison,90,80,85,70,"Poison, Ground, Rock, Ghost, Steel",Grass
Croconaw,Water,80,80,65,59,"Water, Grass, Dragon","Fire, Ground, Rock"
Crustle,Bug,95,125,70,65,"Fire, Fighting, Poison, Flying, Ghost, Steel","Grass, Psychic, Dark"
Cryogonal,Ice,50,30,70,95,"Water, Ice, Fire, Steel","Grass, Ground, Flying, Dragon"
Cubchoo,Ice,70,40,55,60,"Water, Ice, Fire, Steel","Grass, Ground, Flying, Dragon"
Cubone,Ground,50,95,50,40,"Grass, Flying, Bug","Fire, Poison, Electric, Rock, Steel"
Cyndaquil,Fire,52,43,39,60,"Water, Fire, Dragon, Rock","Grass, Ice, Bug, Steel"
Darkrai,Dark,90,90,70,135,"Fighting, Dark Steel","Ghost, Psychic"
"Darmanitan, Standard Mode; Standard Mode",Fire,140,55,105,30,"Water, Fire, Dragon, Rock","Grass, Ice, Bug, Steel"
Darmanitan; Zen Mode,Fire,30,105,105,140,"Water, Fire, Dragon, Rock","Grass, Ice, Bug, Steel"
Darumaka,Fire,90,45,70,15,"Water, Fire, Dragon, Rock","Grass, Ice, Bug, Steel"
Dedenne,Electric,58,57,67,81,"Grass, Electric, Ground, Dragon","Water, Flying"
Deerling,Normal,60,50,60,40,"Fighting, Ghost, Rock, Steel",
Deino,Dark,65,50,52,45,"Fighting, Dark Steel","Ghost, Psychic"
Delcatty,Normal,65,65,70,55,"Fighting, Ghost, Rock, Steel",
Delibird,Ice,55,45,45,65,"Water, Ice, Fire, Steel","Grass, Ground, Flying, Dragon"
Delphox,Fire,69,72,75,114,"Water, Fire, Dragon, Rock","Grass, Ice, Bug, Steel"
Deoxys,Psychic,180,20,50,180,"Psychic, Dark, Steel","Fighting, Poison"
"Deoxys, Speed Forme; Speed Forme",Psychic,95,90,50,95,"Psychic, Dark, Steel","Fighting, Poison"
Deoxys; Normal Forme,Psychic,150,50,50,150,"Psychic, Dark, Steel","Fighting, Poison"
Dewgong,Water,70,80,90,70,"Water, Grass, Dragon","Fire, Ground, Rock"
Dewott,Water,75,60,75,83,"Water, Grass, Dragon","Fire, Ground, Rock"
Diancie,Rock,100,150,50,100,"Fighting, Ground, Steel","Ice, Fire, Flying, Bug"
Diancie; Mega Diancie,Rock,160,110,50,160,"Fighting, Ground, Steel","Ice, Fire, Flying, Bug"
Diggersby,Normal,56,77,85,50,"Fighting, Ghost, Rock, Steel",
Diglett,Ground,55,25,10,35,"Grass, Flying, Bug","Fire, Poison, Electric, Rock, Steel"
Ditto,Normal,48,48,48,48,"Fighting, Ghost, Rock, Steel",
Dodrio,Normal,110,70,60,60,"Fighting, Ghost, Rock, Steel",
Doduo,Normal,85,45,35,35,"Fighting, Ghost, Rock, Steel",
Donphan,Ground,120,120,90,60,"Grass, Flying, Bug","Fire, Poison, Electric, Rock, Steel"
Dragalge,Poison,75,90,65,97,"Poison, Ground, Rock, Ghost, Steel",Grass
Drapion,Poison,90,110,70,60,"Poison, Ground, Rock, Ghost, Steel",Grass
Drifblim,Ghost,80,44,150,90,"Dark, Steel","Ghost, Pyschic"
Drifloon,Ghost,50,34,90,60,"Dark, Steel","Ghost, Pyschic"
Drilbur,Ground,85,40,60,30,"Grass, Flying, Bug","Fire, Poison, Electric, Rock, Steel"
Drowzee,Psychic,48,45,60,43,"Psychic, Dark, Steel","Fighting, Poison"
Ducklett,Water,44,50,62,44,"Water, Grass, Dragon","Fire, Ground, Rock"
Dugtrio,Ground,80,50,35,50,"Grass, Flying, Bug","Fire, Poison, Electric, Rock, Steel"
Dunsparce,Normal,70,70,100,65,"Fighting, Ghost, Rock, Steel",
Duosion,Psychic,40,50,65,125,"Psychic, Dark, Steel","Fighting, Poison"
Durant,Bug,109,112,58,48,"Fire, Fighting, Poison, Flying, Ghost, Steel","Grass, Psychic, Dark"
Dusclops,Ghost,70,130,40,60,"Dark, Steel","Ghost, Pyschic"
Dusknoir,Ghost,100,135,45,65,"Dark, Steel","Ghost, Pyschic"
Duskull,Ghost,40,90,20,30,"Dark, Steel","Ghost, Pyschic"
Dustox,Bug,50,70,60,50,"Fire, Fighting, Poison, Flying, Ghost, Steel","Grass, Psychic, Dark"
Dwebble,Bug,65,85,50,35,"Fire, Fighting, Poison, Flying, Ghost, Steel","Grass, Psychic, Dark"
Eelektrik,Electric,85,70,65,75,"Grass, Electric, Ground, Dragon","Water, Flying"
Eelektross,Electric,115,80,85,105,"Grass, Electric, Ground, Dragon","Water, Flying"
Eevee,Normal,55,50,55,45,"Fighting, Ghost, Rock, Steel",
Ekans,Poison,60,44,35,40,"Poison, Ground, Rock, Ghost, Steel",Grass
Electabuzz,Electric,83,57,65,95,"Grass, Electric, Ground, Dragon","Water, Flying"
Electivire,Electric,123,67,75,95,"Grass, Electric, Ground, Dragon","Water, Flying"
Electrike,Electric,45,40,40,65,"Grass, Electric, Ground, Dragon","Water, Flying"
Electrode,Electric,50,70,60,80,"Grass, Electric, Ground, Dragon","Water, Flying"
Elekid,Electric,63,37,45,65,"Grass, Electric, Ground, Dragon","Water, Flying"
Elgyem,Psychic,55,55,55,85,"Psychic, Dark, Steel","Fighting, Poison"
Emboar,Fire,123,65,110,100,"Water, Fire, Dragon, Rock","Grass, Ice, Bug, Steel"
Emolga,Electric,75,60,55,75,"Grass, Electric, Ground, Dragon","Water, Flying"
Empoleon,Water,86,88,84,111,"Water, Grass, Dragon","Fire, Ground, Rock"
Entei,Fire,115,85,115,90,"Water, Fire, Dragon, Rock","Grass, Ice, Bug, Steel"
Escavalier,Bug,135,105,70,60,"Fire, Fighting, Poison, Flying, Ghost, Steel","Grass, Psychic, Dark"
Espeon,Psychic,65,60,65,130,"Psychic, Dark, Steel","Fighting, Poison"
Espurr,Psychic,48,54,62,63,"Psychic, Dark, Steel","Fighting, Poison"
Excadrill,Ground,135,60,110,50,"Grass, Flying, Bug","Fire, Poison, Electric, Rock, Steel"
Exeggcute,Grass,40,80,60,60,"Fire, Grass, Poison, Flying, Bug, Dragon, Steel","Water, Ground, Rock"
Exeggutor,Grass,95,85,95,125,"Fire, Grass, Poison, Flying, Bug, Dragon, Steel","Water, Ground, Rock"
Exploud,Normal,91,63,104,91,"Fighting, Ghost, Rock, Steel",
Farfetch'd,Normal,65,55,52,58,"Fighting, Ghost, Rock, Steel",
Fearow,Normal,90,65,65,61,"Fighting, Ghost, Rock, Steel",
Feebas,Water,15,20,20,10,"Water, Grass, Dragon","Fire, Ground, Rock"
Fennekin,Fire,45,40,40,62,"Water, Fire, Dragon, Rock","Grass, Ice, Bug, Steel"
Feraligatr,Water,105,100,85,79,"Water, Grass, Dragon","Fire, Ground, Rock"
Ferroseed,Grass,50,91,44,24,"Fire, Grass, Poison, Flying, Bug, Dragon, Steel","Water, Ground, Rock"
Ferrothorn,Grass,94,131,74,54,"Fire, Grass, Poison, Flying, Bug, Dragon, Steel","Water, Ground, Rock"
Finneon,Water,49,56,49,49,"Water, Grass, Dragon","Fire, Ground, Rock"
Flaaffy,Electric,55,55,70,80,"Grass, Electric, Ground, Dragon","Water, Flying"
Flareon,Fire,130,60,65,95,"Water, Fire, Dragon, Rock","Grass, Ice, Bug, Steel"
Fletchinder,Fire,73,55,62,56,"Water, Fire, Dragon, Rock","Grass, Ice, Bug, Steel"
Fletchling,Normal,50,43,45,40,"Fighting, Ghost, Rock, Steel",
Floatzel,Water,105,55,85,85,"Water, Grass, Dragon","Fire, Ground, Rock"
Flygon,Ground,100,80,80,80,"Grass, Flying, Bug","Fire, Poison, Electric, Rock, Steel"
Foongus,Grass,55,45,69,55,"Fire, Grass, Poison, Flying, Bug, Dragon, Steel","Water, Ground, Rock"
Forretress,Bug,90,140,75,60,"Fire, Fighting, Poison, Flying, Ghost, Steel","Grass, Psychic, Dark"
Frillish,Water,40,50,55,65,"Water, Grass, Dragon","Fire, Ground, Rock"
Froakie,Water,56,40,41,62,"Water, Grass, Dragon","Fire, Ground, Rock"
Frogadier,Water,63,52,54,83,"Water, Grass, Dragon","Fire, Ground, Rock"
Froslass,Ice,80,70,70,80,"Water, Ice, Fire, Steel","Grass, Ground, Flying, Dragon"
Furfrou,Normal,80,60,75,65,"Fighting, Ghost, Rock, Steel",
Furret,Normal,76,64,85,45,"Fighting, Ghost, Rock, Steel",
Gallade,Psychic,125,65,68,65,"Psychic, Dark, Steel","Fighting, Poison"
"Gallade, Mega Gallade; Mega Gallade",Psychic,165,95,68,65,"Psychic, Dark, Steel","Fighting, Poison"
Galvantula,Bug,77,60,70,97,"Fire, Fighting, Poison, Flying, Ghost, Steel","Grass, Psychic, Dark"
Garbodor,Poison,95,82,80,60,"Poison, Ground, Rock, Ghost, Steel",Grass
Gardevoir,Psychic,65,65,68,125,"Psychic, Dark, Steel","Fighting, Poison"
Gastly,Ghost,35,30,30,100,"Dark, Steel","Ghost, Pyschic"
Gastrodon,Water,83,68,111,92,"Water, Grass, Dragon","Fire, Ground, Rock"
Genesect,Bug,120,95,71,120,"Fire, Fighting, Poison, Flying, Ghost, Steel","Grass, Psychic, Dark"
Gengar,Ghost,65,60,60,130,"Dark, Steel","Ghost, Pyschic"
Geodude,Rock,80,100,40,30,"Fighting, Ground, Steel","Ice, Fire, Flying, Bug"
Gigalith,Rock,135,130,85,60,"Fighting, Ground, Steel","Ice, Fire, Flying, Bug"
Girafarig,Normal,80,65,70,90,"Fighting, Ghost, Rock, Steel",
Giratina,Ghost,120,100,150,120,"Dark, Steel","Ghost, Pyschic"
Giratina; Altered Forme,Ghost,100,120,150,100,"Dark, Steel","Ghost, Pyschic"
Glaceon,Ice,60,110,65,130,"Water, Ice, Fire, Steel","Grass, Ground, Flying, Dragon"
Glalie,Ice,80,80,80,80,"Water, Ice, Fire, Steel","Grass, Ground, Flying, Dragon"
Glameow,Normal,55,42,49,42,"Fighting, Ghost, Rock, Steel",
Gligar,Ground,75,105,65,35,"Grass, Flying, Bug","Fire, Poison, Electric, Rock, Steel"
Gliscor,Ground,95,125,75,45,"Grass, Flying, Bug","Fire, Poison, Electric, Rock, Steel"
Gloom,Grass,65,70,60,85,"Fire, Grass, Poison, Flying, Bug, Dragon, Steel","Water, Ground, Rock"
Gogoat,Grass,100,62,123,97,"Fire, Grass, Poison, Flying, Bug, Dragon, Steel","Water, Ground, Rock"
Golbat,Poison,80,70,75,65,"Poison, Ground, Rock, Ghost, Steel",Grass
Goldeen,Water,67,60,45,35,"Water, Grass, Dragon","Fire, Ground, Rock"
Golduck,Water,82,78,80,95,"Water, Grass, Dragon","Fire, Ground, Rock"
Golem,Rock,120,130,80,55,"Fighting, Ground, Steel","Ice, Fire, Flying, Bug"
Golett,Ground,74,50,59,35,"Grass, Flying, Bug","Fire, Poison, Electric, Rock, Steel"
Golurk,Ground,124,80,89,55,"Grass, Flying, Bug","Fire, Poison, Electric, Rock, Steel"
Gorebyss,Water,84,105,55,114,"Water, Grass, Dragon","Fire, Ground, Rock"
Gothita,Psychic,30,50,45,55,"Psychic, Dark, Steel","Fighting, Poison"
Gothitelle,Psychic,55,95,70,95,"Psychic, Dark, Steel","Fighting, Poison"
Gothorita,Psychic,45,70,60,75,"Psychic, Dark, Steel","Fighting, Poison"
Gourgeist,Ghost,85,122,55,58,"Dark, Steel","Ghost, Pyschic"
"Gourgeist, Super Size; Super Size",Ghost,100,122,85,58,"Dark, Steel","Ghost, Pyschic"
Gourgeist; Average Size,Ghost,90,122,65,58,"Dark, Steel","Ghost, Pyschic"
Graveler,Rock,95,115,55,45,"Fighting, Ground, Steel","Ice, Fire, Flying, Bug"
Greninja,Water,95,67,72,103,"Water, Grass, Dragon","Fire, Ground, Rock"
Grimer,Poison,80,50,80,40,"Poison, Ground, Rock, Ghost, Steel",Grass
Grotle,Grass,89,85,75,55,"Fire, Grass, Poison, Flying, Bug, Dragon, Steel","Water, Ground, Rock"
Groudon,Ground,150,140,100,100,"Grass, Flying, Bug","Fire, Poison, Electric, Rock, Steel"
Groudon; Primal Groudon,Ground,180,160,100,150,"Grass, Flying, Bug","Fire, Poison, Electric, Rock, Steel"
Grovyle,Grass,65,45,50,85,"Fire, Grass, Poison, Flying, Bug, Dragon, Steel","Water, Ground, Rock"
Growlithe,Fire,70,45,55,70,"Water, Fire, Dragon, Rock","Grass, Ice, Bug, Steel"
Grumpig,Psychic,45,65,80,90,"Psychic, Dark, Steel","Fighting, Poison"
Gulpin,Poison,43,53,70,43,"Poison, Ground, Rock, Ghost, Steel",Grass
Gurdurr,Fighting,105,85,85,40,"Poison, Flying, Bug, Ghost, Psychi","Normal, Ice, Rock, Dark, Steel"
Gyarados,Water,125,79,95,60,"Water, Grass, Dragon","Fire, Ground, Rock"
Happiny,Normal,5,5,100,15,"Fighting, Ghost, Rock, Steel",
Hariyama,Fighting,120,60,144,40,"Poison, Flying, Bug, Ghost, Psychi","Normal, Ice, Rock, Dark, Steel"
Haunter,Ghost,50,45,45,115,"Dark, Steel","Ghost, Pyschic"
Hawlucha,Fighting,92,75,78,74,"Poison, Flying, Bug, Ghost, Psychi","Normal, Ice, Rock, Dark, Steel"
Heatmor,Fire,97,66,85,105,"Water, Fire, Dragon, Rock","Grass, Ice, Bug, Steel"
Heatran,Fire,90,106,91,130,"Water, Fire, Dragon, Rock","Grass, Ice, Bug, Steel"
Heliolisk,Electric,55,52,62,109,"Grass, Electric, Ground, Dragon","Water, Flying"
Helioptile,Electric,38,33,44,61,"Grass, Electric, Ground, Dragon","Water, Flying"
Heracross,Bug,125,75,80,40,"Fire, Fighting, Poison, Flying, Ghost, Steel","Grass, Psychic, Dark"
Heracross; Mega Heracross,Bug,185,115,80,40,"Fire, Fighting, Poison, Flying, Ghost, Steel","Grass, Psychic, Dark"
Herdier,Normal,80,65,65,35,"Fighting, Ghost, Rock, Steel",
Hippopotas,Ground,72,78,68,38,"Grass, Flying, Bug","Fire, Poison, Electric, Rock, Steel"
Hippowdon,Ground,112,118,108,68,"Grass, Flying, Bug","Fire, Poison, Electric, Rock, Steel"
Hitmonchan,Fighting,105,79,50,35,"Poison, Flying, Bug, Ghost, Psychi","Normal, Ice, Rock, Dark, Steel"
Hitmonlee,Fighting,120,53,50,35,"Poison, Flying, Bug, Ghost, Psychi","Normal, Ice, Rock, Dark, Steel"
Hitmontop,Fighting,95,95,50,35,"Poison, Flying, Bug, Ghost, Psychi","Normal, Ice, Rock, Dark, Steel"
Ho-oh,Fire,130,90,106,110,"Water, Fire, Dragon, Rock","Grass, Ice, Bug, Steel"
Honchkrow,Dark,125,52,100,105,"Fighting, Dark Steel","Ghost, Psychic"
Hoopa,Psychic,110,60,80,150,"Psychic, Dark, Steel","Fighting, Poison"
Hoothoot,Normal,30,30,60,36,"Fighting, Ghost, Rock, Steel",
Hoppip,Grass,35,40,35,35,"Fire, Grass, Poison, Flying, Bug, Dragon, Steel","Water, Ground, Rock"
Horsea,Water,40,70,30,70,"Water, Grass, Dragon","Fire, Ground, Rock"
Houndoom,Dark,90,50,75,110,"Fighting, Dark Steel","Ghost, Psychic"
Houndoom; Mega Houndoom,Dark,90,90,75,140,"Fighting, Dark Steel","Ghost, Psychic"
Houndour,Dark,60,30,45,80,"Fighting, Dark Steel","Ghost, Psychic"
Huntail,Water,104,105,55,94,"Water, Grass, Dragon","Fire, Ground, Rock"
Hydreigon,Dark,105,90,92,125,"Fighting, Dark Steel","Ghost, Psychic"
Hypno,Psychic,73,70,85,73,"Psychic, Dark, Steel","Fighting, Poison"
Igglybuff,Normal,30,15,90,40,"Fighting, Ghost, Rock, Steel",
Illumise,Bug,47,55,65,73,"Fire, Fighting, Poison, Flying, Ghost, Steel","Grass, Psychic, Dark"
Infernape,Fire,104,71,76,104,"Water, Fire, Dragon, Rock","Grass, Ice, Bug, Steel"
Inkay,Dark,54,53,53,37,"Fighting, Dark Steel","Ghost, Psychic"
Ivysaur,Grass,62,63,60,80,"Fire, Grass, Poison, Flying, Bug, Dragon, Steel","Water, Ground, Rock"
Jellicent,Water,60,70,100,85,"Water, Grass, Dragon","Fire, Ground, Rock"
Jigglypuff,Normal,45,20,115,45,"Fighting, Ghost, Rock, Steel",
Jolteon,Electric,65,60,65,110,"Grass, Electric, Ground, Dragon","Water, Flying"
Joltik,Bug,47,50,50,57,"Fire, Fighting, Poison, Flying, Ghost, Steel","Grass, Psychic, Dark"
Jumpluff,Grass,55,70,75,55,"Fire, Grass, Poison, Flying, Bug, Dragon, Steel","Water, Ground, Rock"
Jynx,Ice,50,35,65,115,"Water, Ice, Fire, Steel","Grass, Ground, Flying, Dragon"
Kabuto,Rock,80,90,30,55,"Fighting, Ground, Steel","Ice, Fire, Flying, Bug"
Kabutops,Rock,115,105,60,65,"Fighting, Ground, Steel","Ice, Fire, Flying, Bug"
Kadabra,Psychic,35,30,40,120,"Psychic, Dark, Steel","Fighting, Poison"
Kakuna,Bug,25,50,45,25,"Fire, Fighting, Poison, Flying, Ghost, Steel","Grass, Psychic, Dark"
Kangaskhan,Normal,95,80,105,40,"Fighting, Ghost, Rock, Steel",
Kangaskhan; Mega Kangaskhan,Normal,125,100,105,60,"Fighting, Ghost, Rock, Steel",
Karrablast,Bug,75,45,50,40,"Fire, Fighting, Poison, Flying, Ghost, Steel","Grass, Psychic, Dark"
Kecleon,Normal,90,70,60,60,"Fighting, Ghost, Rock, Steel",
Keldeo,Water,72,90,91,129,"Water, Grass, Dragon","Fire, Ground, Rock"
Kingdra,Water,95,95,75,95,"Water, Grass, Dragon","Fire, Ground, Rock"
Kingler,Water,130,115,55,50,"Water, Grass, Dragon","Fire, Ground, Rock"
Kirlia,Psychic,35,35,38,65,"Psychic, Dark, Steel","Fighting, Poison"
Koffing,Poison,65,95,40,60,"Poison, Ground, Rock, Ghost, Steel",Grass
Krabby,Water,105,90,30,25,"Water, Grass, Dragon","Fire, Ground, Rock"
Kricketot,Bug,25,41,37,25,"Fire, Fighting, Poison, Flying, Ghost, Steel","Grass, Psychic, Dark"
Kricketune,Bug,85,51,77,55,"Fire, Fighting, Poison, Flying, Ghost, Steel","Grass, Psychic, Dark"
Krokorok,Ground,82,45,60,45,"Grass, Flying, Bug","Fire, Poison, Electric, Rock, Steel"
Krookodile,Ground,117,80,95,65,"Grass, Flying, Bug","Fire, Poison, Electric, Rock, Steel"
Kyogre,Water,100,90,100,150,"Water, Grass, Dragon","Fire, Ground, Rock"
Lampent,Ghost,40,60,60,95,"Dark, Steel","Ghost, Pyschic"
Landorus,Ground,145,90,89,105,"Grass, Flying, Bug","Fire, Poison, Electric, Rock, Steel"
Landorus; Incarnate Forme,Ground,125,90,89,115,"Grass, Flying, Bug","Fire, Poison, Electric, Rock, Steel"
Lanturn,Water,58,58,125,76,"Water, Grass, Dragon","Fire, Ground, Rock"
Lapras,Water,85,80,130,85,"Water, Grass, Dragon","Fire, Ground, Rock"
Larvesta,Bug,85,55,55,50,"Fire, Fighting, Poison, Flying, Ghost, Steel","Grass, Psychic, Dark"
Larvitar,Rock,64,50,50,45,"Fighting, Ground, Steel","Ice, Fire, Flying, Bug"
Leafeon,Grass,110,130,65,60,"Fire, Grass, Poison, Flying, Bug, Dragon, Steel","Water, Ground, Rock"
Leavanny,Bug,103,80,75,70,"Fire, Fighting, Poison, Flying, Ghost, Steel","Grass, Psychic, Dark"
Ledian,Bug,35,50,55,55,"Fire, Fighting, Poison, Flying, Ghost, Steel","Grass, Psychic, Dark"
Ledyba,Bug,20,30,40,40,"Fire, Fighting, Poison, Flying, Ghost, Steel","Grass, Psychic, Dark"
Lickilicky,Normal,85,95,110,80,"Fighting, Ghost, Rock, Steel",
Lickitung,Normal,55,75,90,60,"Fighting, Ghost, Rock, Steel",
Liepard,Dark,88,50,64,88,"Fighting, Dark Steel","Ghost, Psychic"
Lileep,Rock,41,77,66,61,"Fighting, Ground, Steel","Ice, Fire, Flying, Bug"
Lilligant,Grass,60,75,70,110,"Fire, Grass, Poison, Flying, Bug, Dragon, Steel","Water, Ground, Rock"
Lillipup,Normal,60,45,45,25,"Fighting, Ghost, Rock, Steel",
Linoone,Normal,70,61,78,50,"Fighting, Ghost, Rock, Steel",
Litleo,Fire,50,58,62,73,"Water, Fire, Dragon, Rock","Grass, Ice, Bug, Steel"
Litwick,Ghost,30,55,50,65,"Dark, Steel","Ghost, Pyschic"
Lombre,Water,50,50,60,60,"Water, Grass, Dragon","Fire, Ground, Rock"
Lopunny,Normal,76,84,65,54,"Fighting, Ghost, Rock, Steel",
Lopunny; Mega Lopunny,Normal,136,94,65,54,"Fighting, Ghost, Rock, Steel",
Lotad,Water,30,30,40,40,"Water, Grass, Dragon","Fire, Ground, Rock"
Loudred,Normal,71,43,84,71,"Fighting, Ghost, Rock, Steel",
Lucario,Fighting,110,70,70,115,"Poison, Flying, Bug, Ghost, Psychi","Normal, Ice, Rock, Dark, Steel"
Ludicolo,Water,70,70,80,90,"Water, Grass, Dragon","Fire, Ground, Rock"
Lugia,Psychic,90,130,106,90,"Psychic, Dark, Steel","Fighting, Poison"
Lumineon,Water,69,76,69,69,"Water, Grass, Dragon","Fire, Ground, Rock"
Lunatone,Rock,55,65,70,95,"Fighting, Ground, Steel","Ice, Fire, Flying, Bug"
Luvdisc,Water,30,55,43,40,"Water, Grass, Dragon","Fire, Ground, Rock"
Luxio,Electric,85,49,60,60,"Grass, Electric, Ground, Dragon","Water, Flying"
Luxray,Electric,120,79,80,95,"Grass, Electric, Ground, Dragon","Water, Flying"
Machamp,Fighting,130,80,90,65,"Poison, Flying, Bug, Ghost, Psychi","Normal, Ice, Rock, Dark, Steel"
Machoke,Fighting,100,70,80,50,"Poison, Flying, Bug, Ghost, Psychi","Normal, Ice, Rock, Dark, Steel"
Machop,Fighting,80,50,70,35,"Poison, Flying, Bug, Ghost, Psychi","Normal, Ice, Rock, Dark, Steel"
Magby,Fire,75,37,45,70,"Water, Fire, Dragon, Rock","Grass, Ice, Bug, Steel"
Magcargo,Fire,50,120,50,80,"Water, Fire, Dragon, Rock","Grass, Ice, Bug, Steel"
Magikarp,Water,10,55,20,15,"Water, Grass, Dragon","Fire, Ground, Rock"
Magmar,Fire,95,57,65,100,"Water, Fire, Dragon, Rock","Grass, Ice, Bug, Steel"
Magmortar,Fire,95,67,75,125,"Water, Fire, Dragon, Rock","Grass, Ice, Bug, Steel"
Magnemite,Electric,35,70,25,95,"Grass, Electric, Ground, Dragon","Water, Flying"
Magneton,Electric,60,95,50,120,"Grass, Electric, Ground, Dragon","Water, Flying"
Magnezone,Electric,70,115,70,130,"Grass, Electric, Ground, Dragon","Water, Flying"
Makuhita,Fighting,60,30,72,20,"Poison, Flying, Bug, Ghost, Psychi","Normal, Ice, Rock, Dark, Steel"
Malamar,Dark,92,88,86,68,"Fighting, Dark Steel","Ghost, Psychic"
Mamoswine,Ice,130,80,110,70,"Water, Ice, Fire, Steel","Grass, Ground, Flying, Dragon"
Manaphy,Water,100,100,100,100,"Water, Grass, Dragon","Fire, Ground, Rock"
Mandibuzz,Dark,65,105,110,55,"Fighting, Dark Steel","Ghost, Psychic"
Manectric,Electric,75,60,70,105,"Grass, Electric, Ground, Dragon","Water, Flying"
"Manectric, Mega Manectric; Mega Manectric",Electric,75,80,70,135,"Grass, Electric, Ground, Dragon","Water, Flying"
Mankey,Fighting,80,35,40,35,"Poison, Flying, Bug, Ghost, Psychi","Normal, Ice, Rock, Dark, Steel"
Mantine,Water,40,70,65,80,"Water, Grass, Dragon","Fire, Ground, Rock"
Mantyke,Water,20,50,45,60,"Water, Grass, Dragon","Fire, Ground, Rock"
Maractus,Grass,86,67,75,106,"Fire, Grass, Poison, Flying, Bug, Dragon, Steel","Water, Ground, Rock"
Mareep,Electric,40,40,55,65,"Grass, Electric, Ground, Dragon","Water, Flying"
Marill,Water,20,50,70,20,"Water, Grass, Dragon","Fire, Ground, Rock"
Marowak,Ground,80,110,60,50,"Grass, Flying, Bug","Fire, Poison, Electric, Rock, Steel"
Marshtomp,Water,85,70,70,60,"Water, Grass, Dragon","Fire, Ground, Rock"
Masquerain,Bug,60,62,70,80,"Fire, Fighting, Poison, Flying, Ghost, Steel","Grass, Psychic, Dark"
Medicham,Fighting,60,75,60,60,"Poison, Flying, Bug, Ghost, Psychi","Normal, Ice, Rock, Dark, Steel"
Medicham; Mega Medicham,Fighting,100,85,60,80,"Poison, Flying, Bug, Ghost, Psychi","Normal, Ice, Rock, Dark, Steel"
Meditite,Fighting,40,55,30,40,"Poison, Flying, Bug, Ghost, Psychi","Normal, Ice, Rock, Dark, Steel"
Meganium,Grass,82,100,80,83,"Fire, Grass, Poison, Flying, Bug, Dragon, Steel","Water, Ground, Rock"
"Meloetta, Aria Forme; Aria Forme",Normal,77,77,100,128,"Fighting, Ghost, Rock, Steel",
Meloetta; Pirouette Forme,Normal,128,90,100,77,"Fighting, Ghost, Rock, Steel",
Meowstic,Psychic,48,76,74,83,"Psychic, Dark, Steel","Fighting, Poison"
"Meowstic, Female; Female",Psychic,48,76,74,83,"Psychic, Dark, Steel","Fighting, Poison"
Meowth,Normal,45,35,40,40,"Fighting, Ghost, Rock, Steel",
Mesprit,Psychic,105,105,80,105,"Psychic, Dark, Steel","Fighting, Poison"
Metapod,Bug,20,55,50,25,"Fire, Fighting, Poison, Flying, Ghost, Steel","Grass, Psychic, Dark"
Mew,Psychic,100,100,100,100,"Psychic, Dark, Steel","Fighting, Poison"
Mewtwo,Psychic,110,90,106,154,"Psychic, Dark, Steel","Fighting, Poison"
"Mewtwo, Mega Mewtwo X; Mega Mewtwo X",Psychic,190,100,106,154,"Psychic, Dark, Steel","Fighting, Poison"
Mewtwo; Mega Mewtwo Y,Psychic,150,70,106,194,"Psychic, Dark, Steel","Fighting, Poison"
Mienfoo,Fighting,85,50,45,55,"Poison, Flying, Bug, Ghost, Psychi","Normal, Ice, Rock, Dark, Steel"
Mienshao,Fighting,125,60,65,95,"Poison, Flying, Bug, Ghost, Psychi","Normal, Ice, Rock, Dark, Steel"
Mightyena,Dark,90,70,70,60,"Fighting, Dark Steel","Ghost, Psychic"
Milotic,Water,60,79,95,100,"Water, Grass, Dragon","Fire, Ground, Rock"
Miltank,Normal,80,105,95,40,"Fighting, Ghost, Rock, Steel",
Mime Jr.,Psychic,25,45,20,70,"Psychic, Dark, Steel","Fighting, Poison"
Minccino,Normal,50,40,55,40,"Fighting, Ghost, Rock, Steel",
Minun,Electric,40,50,60,75,"Grass, Electric, Ground, Dragon","Water, Flying"
Misdreavus,Ghost,60,60,60,85,"Dark, Steel","Ghost, Pyschic"
Mismagius,Ghost,60,60,60,105,"Dark, Steel","Ghost, Pyschic"
Moltres,Fire,100,90,90,125,"Water, Fire, Dragon, Rock","Grass, Ice, Bug, Steel"
Monferno,Fire,78,52,64,78,"Water, Fire, Dragon, Rock","Grass, Ice, Bug, Steel"
Mothim,Bug,94,50,70,94,"Fire, Fighting, Poison, Flying, Ghost, Steel","Grass, Psychic, Dark"
Mr. Mime,Psychic,45,65,40,100,"Psychic, Dark, Steel","Fighting, Poison"
Mudkip,Water,70,50,50,50,"Water, Grass, Dragon","Fire, Ground, Rock"
Muk,Poison,105,75,105,65,"Poison, Ground, Rock, Ghost, Steel",Grass
Munchlax,Normal,85,40,135,40,"Fighting, Ghost, Rock, Steel",
Munna,Psychic,25,45,76,67,"Psychic, Dark, Steel","Fighting, Poison"
Murkrow,Dark,85,42,60,85,"Fighting, Dark Steel","Ghost, Psychic"
Musharna,Psychic,55,85,116,107,"Psychic, Dark, Steel","Fighting, Poison"
Natu,Psychic,50,45,40,70,"Psychic, Dark, Steel","Fighting, Poison"
Nidoking,Poison,102,77,81,85,"Poison, Ground, Rock, Ghost, Steel",Grass
Nidoqueen,Poison,92,87,90,75,"Poison, Ground, Rock, Ghost, Steel",Grass
Nidoran♂,Poison,57,40,46,40,"Poison, Ground, Rock, Ghost, Steel",Grass
Nidoran♀,Poison,47,52,55,40,"Poison, Ground, Rock, Ghost, Steel",Grass
Nidorina,Poison,62,67,70,55,"Poison, Ground, Rock, Ghost, Steel",Grass
Nidorino,Poison,72,57,61,55,"Poison, Ground, Rock, Ghost, Steel",Grass
Nincada,Bug,45,90,31,30,"Fire, Fighting, Poison, Flying, Ghost, Steel","Grass, Psychic, Dark"
Ninetales,Fire,76,75,73,81,"Water, Fire, Dragon, Rock","Grass, Ice, Bug, Steel"
Ninjask,Bug,90,45,61,50,"Fire, Fighting, Poison, Flying, Ghost, Steel","Grass, Psychic, Dark"
Noctowl,Normal,50,50,100,76,"Fighting, Ghost, Rock, Steel",
Noibat,Flying,30,35,40,45,"Electric, Rock, Steel","Grass, Fighting, Bug"
Noivern,Flying,70,80,85,97,"Electric, Rock, Steel","Grass, Fighting, Bug"
Nosepass,Rock,45,135,30,45,"Fighting, Ground, Steel","Ice, Fire, Flying, Bug"
Numel,Fire,60,40,60,65,"Water, Fire, Dragon, Rock","Grass, Ice, Bug, Steel"
Nuzleaf,Grass,70,40,70,60,"Fire, Grass, Poison, Flying, Bug, Dragon, Steel","Water, Ground, Rock"
Octillery,Water,105,75,75,105,"Water, Grass, Dragon","Fire, Ground, Rock"
Oddish,Grass,50,55,45,75,"Fire, Grass, Poison, Flying, Bug, Dragon, Steel","Water, Ground, Rock"
Omanyte,Rock,40,100,35,90,"Fighting, Ground, Steel","Ice, Fire, Flying, Bug"
Omastar,Rock,60,125,70,115,"Fighting, Ground, Steel","Ice, Fire, Flying, Bug"
Onix,Rock,45,160,35,30,"Fighting, Ground, Steel","Ice, Fire, Flying, Bug"
Oshawott,Water,55,45,55,63,"Water, Grass, Dragon","Fire, Ground, Rock"
Pachirisu,Electric,45,70,60,45,"Grass, Electric, Ground, Dragon","Water, Flying"
Palkia,Water,120,100,90,150,"Water, Grass, Dragon","Fire, Ground, Rock"
Palpitoad,Water,65,55,75,65,"Water, Grass, Dragon","Fire, Ground, Rock"
Pancham,Fighting,82,62,67,46,"Poison, Flying, Bug, Ghost, Psychi","Normal, Ice, Rock, Dark, Steel"
Pangoro,Fighting,124,78,95,69,"Poison, Flying, Bug, Ghost, Psychi","Normal, Ice, Rock, Dark, Steel"
Panpour,Water,53,48,50,53,"Water, Grass, Dragon","Fire, Ground, Rock"
Pansage,Grass,53,48,50,53,"Fire, Grass, Poison, Flying, Bug, Dragon, Steel","Water, Ground, Rock"
Pansear,Fire,53,48,50,53,"Water, Fire, Dragon, Rock","Grass, Ice, Bug, Steel"
Paras,Bug,70,55,35,45,"Fire, Fighting, Poison, Flying, Ghost, Steel","Grass, Psychic, Dark"
Parasect,Bug,95,80,60,60,"Fire, Fighting, Poison, Flying, Ghost, Steel","Grass, Psychic, Dark"
Patrat,Normal,55,39,45,35,"Fighting, Ghost, Rock, Steel",
Pawniard,Dark,85,70,45,40,"Fighting, Dark Steel","Ghost, Psychic"
Pelipper,Water,50,100,60,85,"Water, Grass, Dragon","Fire, Ground, Rock"
Persian,Normal,70,60,65,65,"Fighting, Ghost, Rock, Steel",
Petilil,Grass,35,50,45,70,"Fire, Grass, Poison, Flying, Bug, Dragon, Steel","Water, Ground, Rock"
Phanpy,Ground,60,60,90,40,"Grass, Flying, Bug","Fire, Poison, Electric, Rock, Steel"
Phantump,Ghost,70,48,43,50,"Dark, Steel","Ghost, Pyschic"
Phione,Water,80,80,80,80,"Water, Grass, Dragon","Fire, Ground, Rock"
Pichu,Electric,40,15,20,35,"Grass, Electric, Ground, Dragon","Water, Flying"
Pidgeot,Normal,80,75,83,70,"Fighting, Ghost, Rock, Steel",
"Pidgeot, Mega Pidgeot; Mega Pidgeot",Normal,80,80,83,135,"Fighting, Ghost, Rock, Steel",
Pidgeotto,Normal,60,55,63,50,"Fighting, Ghost, Rock, Steel",
Pidgey,Normal,45,40,40,35,"Fighting, Ghost, Rock, Steel",
Pidove,Normal,55,50,50,36,"Fighting, Ghost, Rock, Steel",
Pignite,Fire,93,55,90,70,"Water, Fire, Dragon, Rock","Grass, Ice, Bug, Steel"
Pikachu,Electric,55,40,35,50,"Grass, Electric, Ground, Dragon","Water, Flying"
Piloswine,Ice,100,80,100,60,"Water, Ice, Fire, Steel","Grass, Ground, Flying, Dragon"
Pineco,Bug,65,90,50,35,"Fire, Fighting, Poison, Flying, Ghost, Steel","Grass, Psychic, Dark"
Pinsir,Bug,125,100,65,55,"Fire, Fighting, Poison, Flying, Ghost, Steel","Grass, Psychic, Dark"
Piplup,Water,51,53,53,61,"Water, Grass, Dragon","Fire, Ground, Rock"
Plusle,Electric,50,40,60,85,"Grass, Electric, Ground, Dragon","Water, Flying"
Politoed,Water,75,75,90,90,"Water, Grass, Dragon","Fire, Ground, Rock"
Poliwag,Water,50,40,40,40,"Water, Grass, Dragon","Fire, Ground, Rock"
Poliwhirl,Water,65,65,65,50,"Water, Grass, Dragon","Fire, Ground, Rock"
Poliwrath,Water,95,95,90,70,"Water, Grass, Dragon","Fire, Ground, Rock"
Ponyta,Fire,85,55,50,65,"Water, Fire, Dragon, Rock","Grass, Ice, Bug, Steel"
Poochyena,Dark,55,35,35,30,"Fighting, Dark Steel","Ghost, Psychic"
Porygon,Normal,60,70,65,85,"Fighting, Ghost, Rock, Steel",
Porygon-Z,Normal,80,70,85,135,"Fighting, Ghost, Rock, Steel",
Porygon2,Normal,80,90,85,105,"Fighting, Ghost, Rock, Steel",
Primeape,Fighting,105,60,65,60,"Poison, Flying, Bug, Ghost, Psychi","Normal, Ice, Rock, Dark, Steel"
Prinplup,Water,66,68,64,81,"Water, Grass, Dragon","Fire, Ground, Rock"
Probopass,Rock,55,145,60,75,"Fighting, Ground, Steel","Ice, Fire, Flying, Bug"
Psyduck,Water,52,48,50,65,"Water, Grass, Dragon","Fire, Ground, Rock"
Pumpkaboo,Ghost,66,70,44,44,"Dark, Steel","Ghost, Pyschic"
"Pumpkaboo, Super Size; Super Size",Ghost,66,70,59,44,"Dark, Steel","Ghost, Pyschic"
Pumpkaboo; Average Size,Ghost,66,70,49,44,"Dark, Steel","Ghost, Pyschic"
Pupitar,Rock,84,70,70,65,"Fighting, Ground, Steel","Ice, Fire, Flying, Bug"
Purrloin,Dark,50,37,41,50,"Fighting, Dark Steel","Ghost, Psychic"
Purugly,Normal,82,64,71,64,"Fighting, Ghost, Rock, Steel",
Pyroar,Fire,68,72,86,109,"Water, Fire, Dragon, Rock","Grass, Ice, Bug, Steel"
Quagsire,Water,85,85,95,65,"Water, Grass, Dragon","Fire, Ground, Rock"
Quilava,Fire,64,58,58,80,"Water, Fire, Dragon, Rock","Grass, Ice, Bug, Steel"
Quilladin,Grass,78,95,61,56,"Fire, Grass, Poison, Flying, Bug, Dragon, Steel","Water, Ground, Rock"
Qwilfish,Water,95,75,65,55,"Water, Grass, Dragon","Fire, Ground, Rock"
Raichu,Electric,90,55,60,90,"Grass, Electric, Ground, Dragon","Water, Flying"
Raikou,Electric,85,75,90,115,"Grass, Electric, Ground, Dragon","Water, Flying"
Ralts,Psychic,25,25,28,45,"Psychic, Dark, Steel","Fighting, Poison"
Rampardos,Rock,165,60,97,65,"Fighting, Ground, Steel","Ice, Fire, Flying, Bug"
Rapidash,Fire,100,70,65,80,"Water, Fire, Dragon, Rock","Grass, Ice, Bug, Steel"
Raticate,Normal,81,60,55,50,"Fighting, Ghost, Rock, Steel",
Rattata,Normal,56,35,30,25,"Fighting, Ghost, Rock, Steel",
Regice,Ice,50,100,80,100,"Water, Ice, Fire, Steel","Grass, Ground, Flying, Dragon"
Regigigas,Normal,160,110,110,80,"Fighting, Ghost, Rock, Steel",
Regirock,Rock,100,200,80,50,"Fighting, Ground, Steel","Ice, Fire, Flying, Bug"
Relicanth,Water,90,130,100,45,"Water, Grass, Dragon","Fire, Ground, Rock"
Remoraid,Water,65,35,35,65,"Water, Grass, Dragon","Fire, Ground, Rock"
Reuniclus,Psychic,65,75,110,125,"Psychic, Dark, Steel","Fighting, Poison"
Rhydon,Ground,130,120,105,45,"Grass, Flying, Bug","Fire, Poison, Electric, Rock, Steel"
Rhyhorn,Ground,85,95,80,30,"Grass, Flying, Bug","Fire, Poison, Electric, Rock, Steel"
Rhyperior,Ground,140,130,115,55,"Grass, Flying, Bug","Fire, Poison, Electric, Rock, Steel"
Riolu,Fighting,70,40,40,35,"Poison, Flying, Bug, Ghost, Psychi","Normal, Ice, Rock, Dark, Steel"
Roggenrola,Rock,75,85,55,25,"Fighting, Ground, Steel","Ice, Fire, Flying, Bug"
Roselia,Grass,60,45,50,100,"Fire, Grass, Poison, Flying, Bug, Dragon, Steel","Water, Ground, Rock"
Roserade,Grass,70,65,60,125,"Fire, Grass, Poison, Flying, Bug, Dragon, Steel","Water, Ground, Rock"
Rotom,Electric,50,77,50,95,"Grass, Electric, Ground, Dragon","Water, Flying"
"Rotom, Fan Rotom; Fan Rotom",Electric,65,107,50,105,"Grass, Electric, Ground, Dragon","Water, Flying"
Rotom; Heat Rotom,Electric,65,107,50,105,"Grass, Electric, Ground, Dragon","Water, Flying"
Rotom; Mow Rotom,Electric,65,107,50,105,"Grass, Electric, Ground, Dragon","Water, Flying"
Rufflet,Normal,83,50,70,37,"Fighting, Ghost, Rock, Steel",
Sableye,Dark,75,75,50,65,"Fighting, Dark Steel","Ghost, Psychic"
"Sableye, Mega Sableye; Mega Sableye",Dark,85,125,50,85,"Fighting, Dark Steel","Ghost, Psychic"
Samurott,Water,100,85,95,108,"Water, Grass, Dragon","Fire, Ground, Rock"
Sandile,Ground,72,35,50,35,"Grass, Flying, Bug","Fire, Poison, Electric, Rock, Steel"
Sandshrew,Ground,75,85,50,20,"Grass, Flying, Bug","Fire, Poison, Electric, Rock, Steel"
Sandslash,Ground,100,110,75,45,"Grass, Flying, Bug","Fire, Poison, Electric, Rock, Steel"
Sawk,Fighting,125,75,75,30,"Poison, Flying, Bug, Ghost, Psychi","Normal, Ice, Rock, Dark, Steel"
Sawsbuck,Normal,100,70,80,60,"Fighting, Ghost, Rock, Steel",
Scatterbug,Bug,35,40,38,27,"Fire, Fighting, Poison, Flying, Ghost, Steel","Grass, Psychic, Dark"
Sceptile,Grass,85,65,70,105,"Fire, Grass, Poison, Flying, Bug, Dragon, Steel","Water, Ground, Rock"
"Sceptile, Mega Sceptile; Mega Sceptile",Grass,110,75,70,145,"Fire, Grass, Poison, Flying, Bug, Dragon, Steel","Water, Ground, Rock"
Scizor,Bug,130,100,70,55,"Fire, Fighting, Poison, Flying, Ghost, Steel","Grass, Psychic, Dark"
Scolipede,Bug,100,89,60,55,"Fire, Fighting, Poison, Flying, Ghost, Steel","Grass, Psychic, Dark"
Scrafty,Dark,90,115,65,45,"Fighting, Dark Steel","Ghost, Psychic"
Scraggy,Dark,75,70,50,35,"Fighting, Dark Steel","Ghost, Psychic"
Scyther,Bug,110,80,70,55,"Fire, Fighting, Poison, Flying, Ghost, Steel","Grass, Psychic, Dark"
Seadra,Water,65,95,55,95,"Water, Grass, Dragon","Fire, Ground, Rock"
Seaking,Water,92,65,80,65,"Water, Grass, Dragon","Fire, Ground, Rock"
Sealeo,Ice,60,70,90,75,"Water, Ice, Fire, Steel","Grass, Ground, Flying, Dragon"
Seedot,Grass,40,50,40,30,"Fire, Grass, Poison, Flying, Bug, Dragon, Steel","Water, Ground, Rock"
Seel,Water,45,55,65,45,"Water, Grass, Dragon","Fire, Ground, Rock"
Seismitoad,Water,95,75,105,85,"Water, Grass, Dragon","Fire, Ground, Rock"
Sentret,Normal,46,34,35,35,"Fighting, Ghost, Rock, Steel",
Serperior,Grass,75,95,75,75,"Fire, Grass, Poison, Flying, Bug, Dragon, Steel","Water, Ground, Rock"
Servine,Grass,60,75,60,60,"Fire, Grass, Poison, Flying, Bug, Dragon, Steel","Water, Ground, Rock"
Seviper,Poison,100,60,73,100,"Poison, Ground, Rock, Ghost, Steel",Grass
Sewaddle,Bug,53,70,45,40,"Fire, Fighting, Poison, Flying, Ghost, Steel","Grass, Psychic, Dark"
Sharpedo,Water,120,40,70,95,"Water, Grass, Dragon","Fire, Ground, Rock"
Shaymin,Grass,100,100,100,100,"Fire, Grass, Poison, Flying, Bug, Dragon, Steel","Water, Ground, Rock"
"Shaymin, Sky Forme; Sky Forme",Grass,103,75,100,120,"Fire, Grass, Poison, Flying, Bug, Dragon, Steel","Water, Ground, Rock"
Shedinja,Bug,90,45,1,30,"Fire, Fighting, Poison, Flying, Ghost, Steel","Grass, Psychic, Dark"
Shellder,Water,65,100,30,45,"Water, Grass, Dragon","Fire, Ground, Rock"
Shellos,Water,48,48,76,57,"Water, Grass, Dragon","Fire, Ground, Rock"
Shelmet,Bug,40,85,50,40,"Fire, Fighting, Poison, Flying, Ghost, Steel","Grass, Psychic, Dark"
Shieldon,Rock,42,118,30,42,"Fighting, Ground, Steel","Ice, Fire, Flying, Bug"
Shiftry,Grass,100,60,90,90,"Fire, Grass, Poison, Flying, Bug, Dragon, Steel","Water, Ground, Rock"
Shinx,Electric,65,34,45,40,"Grass, Electric, Ground, Dragon","Water, Flying"
Shroomish,Grass,40,60,60,40,"Fire, Grass, Poison, Flying, Bug, Dragon, Steel","Water, Ground, Rock"
Shuckle,Bug,10,230,20,10,"Fire, Fighting, Poison, Flying, Ghost, Steel","Grass, Psychic, Dark"
Shuppet,Ghost,75,35,44,63,"Dark, Steel","Ghost, Pyschic"
Sigilyph,Psychic,58,80,72,103,"Psychic, Dark, Steel","Fighting, Poison"
Silcoon,Bug,35,55,50,25,"Fire, Fighting, Poison, Flying, Ghost, Steel","Grass, Psychic, Dark"
Simipour,Water,98,63,75,98,"Water, Grass, Dragon","Fire, Ground, Rock"
Simisage,Grass,98,63,75,98,"Fire, Grass, Poison, Flying, Bug, Dragon, Steel","Water, Ground, Rock"
Simisear,Fire,98,63,75,98,"Water, Fire, Dragon, Rock","Grass, Ice, Bug, Steel"
Skiddo,Grass,65,48,66,62,"Fire, Grass, Poison, Flying, Bug, Dragon, Steel","Water, Ground, Rock"
Skiploom,Grass,45,50,55,45,"Fire, Grass, Poison, Flying, Bug, Dragon, Steel","Water, Ground, Rock"
Skitty,Normal,45,45,50,35,"Fighting, Ghost, Rock, Steel",
Skorupi,Poison,50,90,40,30,"Poison, Ground, Rock, Ghost, Steel",Grass
Skrelp,Poison,60,60,50,60,"Poison, Ground, Rock, Ghost, Steel",Grass
Skuntank,Poison,93,67,103,71,"Poison, Ground, Rock, Ghost, Steel",Grass
Slaking,Normal,160,100,150,95,"Fighting, Ghost, Rock, Steel",
Slakoth,Normal,60,60,60,35,"Fighting, Ghost, Rock, Steel",
Slowbro,Water,75,110,95,100,"Water, Grass, Dragon","Fire, Ground, Rock"
"Slowbro, Mega Slowbro; Mega Slowbro",Water,75,180,95,130,"Water, Grass, Dragon","Fire, Ground, Rock"
Slowking,Water,75,80,95,100,"Water, Grass, Dragon","Fire, Ground, Rock"
Slowpoke,Water,65,65,90,40,"Water, Grass, Dragon","Fire, Ground, Rock"
Slugma,Fire,40,40,40,70,"Water, Fire, Dragon, Rock","Grass, Ice, Bug, Steel"
Smeargle,Normal,20,35,55,20,"Fighting, Ghost, Rock, Steel",
Smoochum,Ice,30,15,45,85,"Water, Ice, Fire, Steel","Grass, Ground, Flying, Dragon"
Sneasel,Dark,95,55,55,35,"Fighting, Dark Steel","Ghost, Psychic"
Snivy,Grass,45,55,45,45,"Fire, Grass, Poison, Flying, Bug, Dragon, Steel","Water, Ground, Rock"
Snorlax,Normal,110,65,160,65,"Fighting, Ghost, Rock, Steel",
Snorunt,Ice,50,50,50,50,"Water, Ice, Fire, Steel","Grass, Ground, Flying, Dragon"
Snover,Grass,62,50,60,62,"Fire, Grass, Poison, Flying, Bug, Dragon, Steel","Water, Ground, Rock"
Solosis,Psychic,30,40,45,105,"Psychic, Dark, Steel","Fighting, Poison"
Solrock,Rock,95,85,70,55,"Fighting, Ground, Steel","Ice, Fire, Flying, Bug"
Spearow,Normal,60,30,40,31,"Fighting, Ghost, Rock, Steel",
Spewpa,Bug,22,60,45,27,"Fire, Fighting, Poison, Flying, Ghost, Steel","Grass, Psychic, Dark"
Spheal,Ice,40,50,70,55,"Water, Ice, Fire, Steel","Grass, Ground, Flying, Dragon"
Spinarak,Bug,60,40,40,40,"Fire, Fighting, Poison, Flying, Ghost, Steel","Grass, Psychic, Dark"
Spinda,Normal,60,60,60,60,"Fighting, Ghost, Rock, Steel",
Spiritomb,Ghost,92,108,50,92,"Dark, Steel","Ghost, Pyschic"
Spoink,Psychic,25,35,60,70,"Psychic, Dark, Steel","Fighting, Poison"
Squirtle,Water,48,65,44,50,"Water, Grass, Dragon","Fire, Ground, Rock"
Stantler,Normal,95,62,73,85,"Fighting, Ghost, Rock, Steel",
Staraptor,Normal,120,70,85,50,"Fighting, Ghost, Rock, Steel",
Staravia,Normal,75,50,55,40,"Fighting, Ghost, Rock, Steel",
Starly,Normal,55,30,40,30,"Fighting, Ghost, Rock, Steel",
Starmie,Water,75,85,60,100,"Water, Grass, Dragon","Fire, Ground, Rock"
Staryu,Water,45,55,30,70,"Water, Grass, Dragon","Fire, Ground, Rock"
Stoutland,Normal,110,90,85,45,"Fighting, Ghost, Rock, Steel",
Stunfisk,Ground,66,84,109,81,"Grass, Flying, Bug","Fire, Poison, Electric, Rock, Steel"
Stunky,Poison,63,47,63,41,"Poison, Ground, Rock, Ghost, Steel",Grass
Sudowoodo,Rock,100,115,70,30,"Fighting, Ground, Steel","Ice, Fire, Flying, Bug"
Suicune,Water,75,115,100,90,"Water, Grass, Dragon","Fire, Ground, Rock"
Sunflora,Grass,75,55,75,105,"Fire, Grass, Poison, Flying, Bug, Dragon, Steel","Water, Ground, Rock"
Sunkern,Grass,30,30,30,30,"Fire, Grass, Poison, Flying, Bug, Dragon, Steel","Water, Ground, Rock"
Surskit,Bug,30,32,40,50,"Fire, Fighting, Poison, Flying, Ghost, Steel","Grass, Psychic, Dark"
Swablu,Normal,40,60,45,40,"Fighting, Ghost, Rock, Steel",
Swadloon,Bug,63,90,55,50,"Fire, Fighting, Poison, Flying, Ghost, Steel","Grass, Psychic, Dark"
Swalot,Poison,73,83,100,73,"Poison, Ground, Rock, Ghost, Steel",Grass
Swampert,Water,110,90,100,85,"Water, Grass, Dragon","Fire, Ground, Rock"
"Swampert, Mega Swampert; Mega Swampert",Water,150,110,100,95,"Water, Grass, Dragon","Fire, Ground, Rock"
Swanna,Water,87,63,75,87,"Water, Grass, Dragon","Fire, Ground, Rock"
Swellow,Normal,85,60,60,50,"Fighting, Ghost, Rock, Steel",
Swinub,Ice,50,40,50,30,"Water, Ice, Fire, Steel","Grass, Ground, Flying, Dragon"
Swoobat,Psychic,57,55,67,77,"Psychic, Dark, Steel","Fighting, Poison"
Taillow,Normal,55,30,40,30,"Fighting, Ghost, Rock, Steel",
Talonflame,Fire,81,71,78,74,"Water, Fire, Dragon, Rock","Grass, Ice, Bug, Steel"
Tangela,Grass,55,115,65,100,"Fire, Grass, Poison, Flying, Bug, Dragon, Steel","Water, Ground, Rock"
Tangrowth,Grass,100,125,100,110,"Fire, Grass, Poison, Flying, Bug, Dragon, Steel","Water, Ground, Rock"
Tauros,Normal,100,95,75,40,"Fighting, Ghost, Rock, Steel",
Teddiursa,Normal,80,50,60,50,"Fighting, Ghost, Rock, Steel",
Tentacool,Water,40,35,40,50,"Water, Grass, Dragon","Fire, Ground, Rock"
Tentacruel,Water,70,65,80,80,"Water, Grass, Dragon","Fire, Ground, Rock"
Tepig,Fire,63,45,65,45,"Water, Fire, Dragon, Rock","Grass, Ice, Bug, Steel"
Terrakion,Rock,129,90,91,72,"Fighting, Ground, Steel","Ice, Fire, Flying, Bug"
Throh,Fighting,100,85,120,30,"Poison, Flying, Bug, Ghost, Psychi","Normal, Ice, Rock, Dark, Steel"
Thundurus,Electric,105,70,79,145,"Grass, Electric, Ground, Dragon","Water, Flying"
Thundurus; Incarnate Forme,Electric,115,70,79,125,"Grass, Electric, Ground, Dragon","Water, Flying"
Timburr,Fighting,80,55,75,25,"Poison, Flying, Bug, Ghost, Psychi","Normal, Ice, Rock, Dark, Steel"
Tirtouga,Water,78,103,54,53,"Water, Grass, Dragon","Fire, Ground, Rock"
Torchic,Fire,60,40,45,70,"Water, Fire, Dragon, Rock","Grass, Ice, Bug, Steel"
Torkoal,Fire,85,140,70,85,"Water, Fire, Dragon, Rock","Grass, Ice, Bug, Steel"
Tornadus,Flying,115,70,79,125,"Electric, Rock, Steel","Grass, Fighting, Bug"
"Tornadus, Therian Forme; Therian Forme",Flying,100,80,79,110,"Electric, Rock, Steel","Grass, Fighting, Bug"
Torterra,Grass,109,105,95,75,"Fire, Grass, Poison, Flying, Bug, Dragon, Steel","Water, Ground, Rock"
Totodile,Water,65,64,50,44,"Water, Grass, Dragon","Fire, Ground, Rock"
Toxicroak,Poison,106,65,83,86,"Poison, Ground, Rock, Ghost, Steel",Grass
Tranquill,Normal,77,62,62,50,"Fighting, Ghost, Rock, Steel",
Trapinch,Ground,100,45,45,45,"Grass, Flying, Bug","Fire, Poison, Electric, Rock, Steel"
Treecko,Grass,45,35,40,65,"Fire, Grass, Poison, Flying, Bug, Dragon, Steel","Water, Ground, Rock"
Trevenant,Ghost,110,76,85,65,"Dark, Steel","Ghost, Pyschic"
Tropius,Grass,68,83,99,72,"Fire, Grass, Poison, Flying, Bug, Dragon, Steel","Water, Ground, Rock"
Trubbish,Poison,50,62,50,40,"Poison, Ground, Rock, Ghost, Steel",Grass
Turtwig,Grass,68,64,55,45,"Fire, Grass, Poison, Flying, Bug, Dragon, Steel","Water, Ground, Rock"
Tympole,Water,50,40,50,50,"Water, Grass, Dragon","Fire, Ground, Rock"
Tynamo,Electric,55,40,35,45,"Grass, Electric, Ground, Dragon","Water, Flying"
Typhlosion,Fire,84,78,78,109,"Water, Fire, Dragon, Rock","Grass, Ice, Bug, Steel"
Tyranitar,Rock,134,110,100,95,"Fighting, Ground, Steel","Ice, Fire, Flying, Bug"
Tyranitar; Mega Tyranitar,Rock,164,150,100,95,"Fighting, Ground, Steel","Ice, Fire, Flying, Bug"
Tyrantrum,Rock,121,119,82,69,"Fighting, Ground, Steel","Ice, Fire, Flying, Bug"
Tyrogue,Fighting,35,35,35,35,"Poison, Flying, Bug, Ghost, Psychi","Normal, Ice, Rock, Dark, Steel"
Tyrunt,Rock,89,77,58,45,"Fighting, Ground, Steel","Ice, Fire, Flying, Bug"
Umbreon,Dark,65,110,95,60,"Fighting, Dark Steel","Ghost, Psychic"
Unfezant,Normal,115,80,80,65,"Fighting, Ghost, Rock, Steel",
Unown,Psychic,72,48,48,72,"Psychic, Dark, Steel","Fighting, Poison"
Ursaring,Normal,130,75,90,75,"Fighting, Ghost, Rock, Steel",
Uxie,Psychic,75,130,75,75,"Psychic, Dark, Steel","Fighting, Poison"
Vanillish,Ice,65,65,51,80,"Water, Ice, Fire, Steel","Grass, Ground, Flying, Dragon"
Vanillite,Ice,50,50,36,65,"Water, Ice, Fire, Steel","Grass, Ground, Flying, Dragon"
Vanilluxe,Ice,95,85,71,110,"Water, Ice, Fire, Steel","Grass, Ground, Flying, Dragon"
Vaporeon,Water,65,60,130,110,"Water, Grass, Dragon","Fire, Ground, Rock"
Venipede,Bug,45,59,30,30,"Fire, Fighting, Poison, Flying, Ghost, Steel","Grass, Psychic, Dark"
Venomoth,Bug,65,60,70,90,"Fire, Fighting, Poison, Flying, Ghost, Steel","Grass, Psychic, Dark"
Venonat,Bug,55,50,60,40,"Fire, Fighting, Poison, Flying, Ghost, Steel","Grass, Psychic, Dark"
Venusaur,Grass,82,83,80,100,"Fire, Grass, Poison, Flying, Bug, Dragon, Steel","Water, Ground, Rock"
"Venusaur, Mega Venusaur; Mega Venusaur",Grass,100,123,80,122,"Fire, Grass, Poison, Flying, Bug, Dragon, Steel","Water, Ground, Rock"
Vespiquen,Bug,80,102,70,80,"Fire, Fighting, Poison, Flying, Ghost, Steel","Grass, Psychic, Dark"
Vibrava,Ground,70,50,50,50,"Grass, Flying, Bug","Fire, Poison, Electric, Rock, Steel"
Victini,Psychic,100,100,100,100,"Psychic, Dark, Steel","Fighting, Poison"
Victreebel,Grass,105,65,80,100,"Fire, Grass, Poison, Flying, Bug, Dragon, Steel","Water, Ground, Rock"
Vigoroth,Normal,80,80,80,55,"Fighting, Ghost, Rock, Steel",
Vileplume,Grass,80,85,75,110,"Fire, Grass, Poison, Flying, Bug, Dragon, Steel","Water, Ground, Rock"
Virizion,Grass,90,72,91,90,"Fire, Grass, Poison, Flying, Bug, Dragon, Steel","Water, Ground, Rock"
Vivillon,Bug,52,50,80,90,"Fire, Fighting, Poison, Flying, Ghost, Steel","Grass, Psychic, Dark"
Volbeat,Bug,73,55,65,47,"Fire, Fighting, Poison, Flying, Ghost, Steel","Grass, Psychic, Dark"
Volcanion,Fire,110,120,80,130,"Water, Fire, Dragon, Rock","Grass, Ice, Bug, Steel"
Volcarona,Bug,60,65,85,135,"Fire, Fighting, Poison, Flying, Ghost, Steel","Grass, Psychic, Dark"
Voltorb,Electric,30,50,40,55,"Grass, Electric, Ground, Dragon","Water, Flying"
Vullaby,Dark,55,75,70,45,"Fighting, Dark Steel","Ghost, Psychic"
Vulpix,Fire,41,40,38,50,"Water, Fire, Dragon, Rock","Grass, Ice, Bug, Steel"
Wailmer,Water,70,35,130,70,"Water, Grass, Dragon","Fire, Ground, Rock"
Wailord,Water,90,45,170,90,"Water, Grass, Dragon","Fire, Ground, Rock"
Walrein,Ice,80,90,110,95,"Water, Ice, Fire, Steel","Grass, Ground, Flying, Dragon"
Wartortle,Water,63,80,59,65,"Water, Grass, Dragon","Fire, Ground, Rock"
Watchog,Normal,85,69,60,60,"Fighting, Ghost, Rock, Steel",
Weavile,Dark,120,65,70,45,"Fighting, Dark Steel","Ghost, Psychic"
Weedle,Bug,35,30,40,20,"Fire, Fighting, Poison, Flying, Ghost, Steel","Grass, Psychic, Dark"
Weepinbell,Grass,90,50,65,85,"Fire, Grass, Poison, Flying, Bug, Dragon, Steel","Water, Ground, Rock"
Weezing,Poison,90,120,65,85,"Poison, Ground, Rock, Ghost, Steel",Grass
Whimsicott,Grass,67,85,60,77,"Fire, Grass, Poison, Flying, Bug, Dragon, Steel","Water, Ground, Rock"
Whirlipede,Bug,55,99,40,40,"Fire, Fighting, Poison, Flying, Ghost, Steel","Grass, Psychic, Dark"
Whiscash,Water,78,73,110,76,"Water, Grass, Dragon","Fire, Ground, Rock"
Whismur,Normal,51,23,64,51,"Fighting, Ghost, Rock, Steel",
Wigglytuff,Normal,70,45,140,85,"Fighting, Ghost, Rock, Steel",
Wingull,Water,30,30,40,55,"Water, Grass, Dragon","Fire, Ground, Rock"
Wobbuffet,Psychic,33,58,190,33,"Psychic, Dark, Steel","Fighting, Poison"
Woobat,Psychic,45,43,55,55,"Psychic, Dark, Steel","Fighting, Poison"
Wooper,Water,45,45,55,25,"Water, Grass, Dragon","Fire, Ground, Rock"
Wormadam,Bug,59,85,60,79,"Fire, Fighting, Poison, Flying, Ghost, Steel","Grass, Psychic, Dark"
"Wormadam, Sandy Cloak; Sandy Cloak",Bug,79,105,60,59,"Fire, Fighting, Poison, Flying, Ghost, Steel","Grass, Psychic, Dark"
Wormadam; Trash Cloak,Bug,69,95,60,69,"Fire, Fighting, Poison, Flying, Ghost, Steel","Grass, Psychic, Dark"
Wurmple,Bug,45,35,45,20,"Fire, Fighting, Poison, Flying, Ghost, Steel","Grass, Psychic, Dark"
Wynaut,Psychic,23,48,95,23,"Psychic, Dark, Steel","Fighting, Poison"
Xatu,Psychic,75,70,65,95,"Psychic, Dark, Steel","Fighting, Poison"
Yamask,Ghost,30,85,38,55,"Dark, Steel","Ghost, Pyschic"
Yanma,Bug,65,45,65,75,"Fire, Fighting, Poison, Flying, Ghost, Steel","Grass, Psychic, Dark"
Yanmega,Bug,76,86,86,116,"Fire, Fighting, Poison, Flying, Ghost, Steel","Grass, Psychic, Dark"
Yveltal,Dark,131,95,126,131,"Fighting, Dark Steel","Ghost, Psychic"
Zangoose,Normal,115,60,73,60,"Fighting, Ghost, Rock, Steel",
Zapdos,Electric,90,85,90,125,"Grass, Electric, Ground, Dragon","Water, Flying"
Zebstrika,Electric,100,63,75,80,"Grass, Electric, Ground, Dragon","Water, Flying"
Zigzagoon,Normal,30,41,38,30,"Fighting, Ghost, Rock, Steel",
Zoroark,Dark,105,60,60,120,"Fighting, Dark Steel","Ghost, Psychic"
Zorua,Dark,65,40,40,80,"Fighting, Dark Steel","Ghost, Psychic"
Zubat,Poison,45,35,40,30,"Poison, Ground, Rock, Ghost, Steel",Grass
Zweilous,Dark,85,70,72,65,"Fighting, Dark Steel","Ghost, Psychic"
